place_type,PC_1,PC_2,PC_3,PC_4,PC_5,PC_6,PC_7,PC_8,PC_9,PC_10
gym,-0.8791252485294018,0.28851281000851225,-0.07642384957432732,0.02133486741166807,-0.15928099901294204,-0.019272920764468512,0.05307744045303197,0.02470227574396632,-0.037755897529068196,-0.1876063860998618
sports_activity_location,-0.9178511784229485,0.16179193537110273,-0.1020638455192334,-0.02143486837762072,-0.05283897740067511,0.027405256574843325,0.08729652685148936,-0.03389543755965979,-0.030724405456236073,-0.07194872003888042
grocery_store,-0.9451827648353881,-0.17607930010773884,-0.15754816293669213,0.004259691639867819,0.10393205024232768,0.1121089278688921,-0.012051056678410232,0.007961318115079136,0.04419125429891185,-0.005306063576301807
supermarket,-0.9435846270118038,-0.15812821039329733,-0.15131884795109257,-0.07202036247340506,-0.07759556447549823,0.04485888627211415,-0.004505358941715444,-0.02348723029039999,0.004247756619834264,0.0404138430345086
food_store,-0.9806209064934702,-0.07440739320300187,-0.12443215919630222,0.022923938566910353,0.03713959713489003,0.05435178365919245,-0.016673859659454948,0.009110123173078922,0.020152706065064634,0.009019998074360616
health,-0.9655602643274876,-0.10993732662306747,0.1492084242747642,0.00834499538913942,-0.07095414952455441,-0.003278998443596278,0.006163104982399824,0.07931835282149867,-0.037406086459575105,-0.03478545796143237
bus_stop,-0.9841384552987025,0.09355156501003843,-0.0015158031933445609,-0.010145812951274464,0.021079519978229422,-0.01282495266918186,-0.062343476092603024,0.031215508929208064,-0.01745669484017234,0.045499017307371804
transit_station,-0.9849197907637488,0.09252770589329017,-0.010166703342153725,-0.005210542411293477,0.01249854843559174,-0.011685958716022545,-0.062126371785653126,0.03951676505652108,-0.012006162988273407,0.03811476891849083
car_wash,-0.8417507705409465,0.08199580346218262,-0.03154008107548993,0.010919587734116566,0.15306377278332411,-0.06631696459194128,-0.17058702377848786,-0.022764018151422708,0.04603256424251447,0.2441656650429322
car_repair,-0.9266336873934022,0.14165560066672164,-0.11751622480769762,0.16735261333957066,0.056801723874311996,0.016069612616081634,0.004065630846398695,0.021062751007249855,0.0035354708218333537,0.12425861877775199
plumber,-0.9295105078079462,0.13102595636234565,-0.0689458254107373,0.12021040126778254,0.047781503255389525,-0.010049529878500382,-0.0494745983282025,0.045816817068911,0.04495342405906107,0.013881363078480811
general_contractor,-0.9604218763481371,0.04283279032129378,-0.049808112304226486,0.13625929791293553,0.11742956098714247,-0.13870732079326942,0.005025117189644656,0.06265136818376295,0.0179392921363134,0.0365844508385183
deli,-0.9663693941877635,-0.05516661722381737,-0.09191737009679159,-0.04746342578947946,-0.04000864974798518,0.08090998586010269,-0.003395118732466158,0.06374607476744144,-0.003401086448144803,0.04302384429630126
event_venue,-0.943575084722102,-0.15976893330761208,-0.03659282132915345,0.08972202958497072,0.01365303364421223,0.07909104210475794,0.0451622036534508,0.07469497875228104,0.0065629667714437664,0.07781641563553678
school,-0.9195139157400549,-0.013325735452833611,-0.21885993197308057,-0.16845219686921614,-0.10832382462698029,0.16775576350525132,0.06333521357690373,0.03595560783714326,0.0777141959138512,-0.02476772517384871
gas_station,-0.9079709115175658,0.14074888863815405,-0.08148645792476501,-0.09468749261904719,0.004199750736164971,-0.1837167834309047,-0.11633754242751346,0.05538139911870295,0.06445571296651309,0.07387211471831767
beauty_salon,-0.9826721928252623,-0.032705323840318185,0.0591640372335749,-0.01500164980396328,0.014045082414171383,0.050699643804217445,-0.015993982035289313,0.06025047139981709,0.02049338902114274,0.06488304925250067
hair_salon,-0.9527025219943952,0.15398879144022215,0.014842875559869677,-0.07287051275242927,-0.11595031437092082,0.04016328990412511,0.09863266124232695,0.021185638639563423,-0.009623492216353056,0.01901477010163485
hair_care,-0.9714469813570288,0.07898548436451779,0.05074628437269149,-0.04604770705475356,-0.013026102286567245,0.049798337075028405,0.07999317969902006,0.04331020704012902,-0.000491288870684312,0.0036282330293959594
doctor,-0.9156419141242822,-0.24102336353378337,0.20029349939666372,0.06935366242046469,-0.04077838132427977,-0.009498893120563002,0.02414338940589569,0.05602368408530706,-0.09141479084498394,-0.035991642995101915
lodging,-0.920921515054979,0.15566300861417892,0.18389183646151092,0.1584438595835345,-0.06607031081737305,0.1446919686130144,0.05044701825438425,0.01818394560762591,0.027061512243947903,-0.028113041005953715
accounting,-0.9402663206716975,-0.06200933194170116,0.09881710049072924,-0.1200349055376371,0.19495587011021512,0.007084529014117415,-0.0655229634389245,0.10557926232277545,0.04768144125936395,0.058340112090717544
consultant,-0.9849974120790198,0.05586991868262212,0.07664707284328953,0.03225999956810759,0.08050127025945118,0.05370912898533807,0.002369071177638037,0.011344361850838655,0.03070464023783684,-0.01316911560136524
physiotherapist,-0.8760002687109639,-0.09103964501305978,0.20512477491755193,-0.0098586902769313,0.03698970098934551,-0.12783269664181746,0.04793918335072457,0.11037835199240004,-0.04172757273885794,-0.02049998228263212
point_of_interest,-0.985534070729103,0.04565719460603332,-0.008761719262904954,0.022247397368654245,0.036533935096456596,0.014156945136750169,-0.007892443519112497,0.0516709782954884,0.006196994065743909,0.026036865733877007
church,-0.9584928366781058,0.17979609545177605,0.03604617270083809,-0.027513350248952087,-0.017771858406307836,0.021475073737856638,0.07264336888848161,0.04205879980794501,0.07377435083813995,0.053870108968349775
place_of_worship,-0.9694864131401589,0.1231750702216184,0.04330903676591717,-0.03625780111020311,0.0019057314814199182,0.035201681597749605,0.08313310095900109,0.0375212021868882,0.06328316630662889,0.0320469993858604
real_estate_agency,-0.9694258821520474,0.12813116511672262,0.03851656513082522,-0.013527030271948718,-0.12193113627835188,-0.034621082238219095,0.017238959486409362,0.03889077677001625,0.02247398396919283,0.013056694983635236
mosque,-0.716905495861613,-0.28752755574105465,-0.04231095698875885,-0.1410995003310268,0.28382752739565714,0.2469859208003766,0.19378442152787625,0.11632595085621784,0.002633328401071434,-0.024849286775598643
laundry,-0.9641731446667248,0.008963563298429383,-0.07010614622006288,0.001189496229338331,-0.03799981368555875,0.03489058822586479,-0.048133853704434244,0.06812107361559624,0.04911345229034127,-0.037700140858457576
nail_salon,-0.9434212744540609,-0.16464712572043474,0.044685569112313396,-0.02719944321467271,0.1242321358577304,0.11281253761991167,0.023951139463939293,0.059268331883022454,0.004179973056796175,0.01682611042079891
wellness_center,-0.8459199293508092,0.2180496749891184,0.0039240036475762154,-0.15101745780250664,-0.1389453003147017,-0.014899393939388455,-0.006507303668990272,0.14343159496557772,-0.025900048818712464,-0.09946685495286856
barber_shop,-0.9469062274884941,0.06464830568122087,0.0751704323991153,-0.03559339044551658,0.0763980769066027,0.05810831872343727,0.05889848566712489,0.06056835692828655,0.025305236175635702,-0.009423915128596303
store,-0.9858506221645805,0.00749136695349011,-0.06657455341308763,0.09223805674787378,0.01651173627852304,0.020169095319515877,-0.016357694358326194,0.029429545554386784,0.01685965460490973,0.019750075585616745
discount_store,-0.8903906490825108,-0.24994869742608725,-0.01755865862953731,-0.14352812032871506,-0.039592365871595606,-0.05870651732891504,-0.012108765407241453,-0.04159694068637954,-0.09506154850157154,0.017118542859732497
convenience_store,-0.929808868193225,0.1878892665086195,-0.06910571306278504,-0.16618574051887813,0.01897830334972838,-0.002842493345163421,-0.07878755011501673,-0.1041807916005882,0.010260847969399897,-0.014040061854003054
garden,-0.7959512311057719,-0.2982644093452827,-0.1992019794372433,-0.1773357831469717,-0.20853381453365885,0.17173364758617227,0.04394488980760305,-0.03311191229065012,0.06990148656627772,-0.09953225472154197
park,-0.9723061996369983,-0.105598717438608,-0.043881553460939256,0.023767046827188932,-0.023293295073056115,0.018823244911583995,0.020609439827868985,-0.027629417808882454,-0.01731950220607596,-0.03014918944932616
travel_agency,-0.9104047513992907,-0.01738656635844651,0.03849344441153881,-0.08785447726133033,0.18804739406540882,-0.07292363125299438,-0.13881531072123063,0.11975670896665669,0.024621891055004137,-0.03151601951384195
electrician,-0.8559211884842064,0.31228580015862173,-0.005182751780984403,0.17677402030353356,0.013605900440836994,0.10327213185854094,-0.06290007285181351,0.01780468914726134,-0.0169278255807446,0.10200185285071514
painter,-0.689618929640733,-0.006003089079384052,0.06756276373663421,-0.19212659439712973,0.29646258447000123,-0.11313837963102016,0.2128732246725756,0.04715288805511622,-0.16540051015295484,0.15319946680993832
dentist,-0.9454284855558542,-0.1327081559850387,0.07141980539126912,0.02878089402764056,-0.1489670088248398,0.1037608926798564,0.027407387798727787,0.036458647886815326,0.022079876378907872,-0.06782399529585065
pizza_restaurant,-0.9371390866464507,0.015315475491339303,0.1590545639003302,0.003911405048074107,-0.026266400835578112,-0.11436874214180592,-0.049864778091064633,-0.01596280602425449,-0.03448335051825753,0.07560920602693713
restaurant,-0.9911002283021807,0.001241066999566388,0.020049233189177992,-0.03962170489460071,-0.02073189806324163,0.038237103921994926,0.015872602327448464,-0.008629266733693434,-0.020711675108799434,0.04630419973348063
medical_lab,-0.7774846104972594,-0.21475657615995247,-0.27487646842281405,-0.06235990697706661,-0.23041873996631523,0.0614878476851731,0.04507501852430004,0.028937534286600126,-0.11680008837667182,0.09590066252879229
yoga_studio,-0.7057407507992123,0.3721403495431388,0.10309626189030266,0.051380770751926715,-0.027183177766796386,0.07750454384885841,0.25728993517667015,0.11299546007534626,0.10870315262028624,-0.18721542189684265
fitness_center,-0.8271497049935906,0.29285103442812765,0.01695723291359516,0.02704773383831509,-0.12019614984880049,0.027736522334620706,0.15205204122091998,-0.055210707522524535,0.026739004059182264,-0.279497187342843
sports_complex,-0.9112647573412144,0.18492860800625072,0.05272998854865584,-0.06245933052769461,-0.03250966813089943,0.10638200428542093,0.06379286483531892,0.01432108761914993,0.006852215643186643,-0.16158537336735845
finance,-0.9652668467456024,-0.014514743791996123,0.0742978067136474,-0.09745072530889363,0.12130387743489125,0.028959807595930986,-0.05388897680393278,0.013631618798060354,-0.011107147801980494,0.03900692285532731
chiropractor,-0.8012974569082045,-0.3149300022939412,0.21991468366998193,0.11669590044232205,0.0242086259324769,0.05847736697720387,0.06041156463978572,0.1437126963210099,-0.10121427623884578,0.02239573827379426
auto_parts_store,-0.9221455096820654,0.11599016643974334,-0.17342190787668257,0.15011976682000627,0.048657702358629255,-0.022903092920216514,-0.023602551070416266,-0.0064925922147266455,0.02200448324015038,0.13278796589968425
apartment_building,-0.9539897662524461,-0.0517313603419956,-0.0030139906802292954,-0.037880095243417525,-0.0677289390598626,-0.008868945821826764,0.012684871847299937,0.02518489743987688,-0.06696410155644414,-0.08449514241792726
cemetery,-0.8392211456688379,0.40746469643305755,0.20920938709326792,0.13533292496008065,-0.09424530411675093,0.07833303871304803,0.010195324401075595,-0.10011837915880274,-0.03607166685377263,0.005816223425032343
primary_school,-0.9253887645513849,0.061220112925473115,-0.15674739748299235,-0.12498198486049371,-0.15924177258485522,0.1436407970395363,0.015894348470184682,0.05710647156471961,0.07579380252901383,0.012740817315645796
local_government_office,-0.9040004916860682,-0.11494038747293138,-0.12530471060780193,-0.0784826612918452,-0.12839493280319045,-0.05314048504695328,-0.017276734082673426,0.03334068016490855,0.07080545694078383,0.029149025423711075
government_office,-0.9357323388799839,-0.14130364112817334,-0.17330119994617732,-0.0763814498637592,-0.10927668408630907,0.07982793662149501,-0.025233975149435105,-0.021311547612487054,0.025808230103441254,0.055442790298648605
child_care_agency,-0.983921391073156,0.0009195849563463775,0.055063013881547565,-0.05220483967877748,0.01311853521942534,-0.00560333927443478,0.0025371865244812842,0.0692183763919052,0.053835917775263864,0.06257802890058678
roofing_contractor,-0.671293368039682,-0.4708261650008917,8.742954398780427e-5,-0.03206500917922717,0.3274172421926991,-0.2372278931533412,0.011882380355156765,0.0514357613294521,0.09784475533891616,0.08187398388707075
food,-0.920896184595322,-0.04043949414105431,-0.24320080661054552,0.11726532468331512,-0.10600291325831172,-0.03835312384741481,-0.04553570715648844,0.04498053922598216,0.016148001702656723,0.03733175652495381
university,-0.6506814583984148,-0.6280357602832918,0.11730184532567109,0.11210685842745086,-0.08344860742632644,-0.21642061608970334,0.1735115035263218,0.04919902290531909,0.12020985407273695,0.009339387951264402
home_goods_store,-0.9177987953190577,-0.09360301613285106,-0.021412191463954695,0.03942128235711061,0.25478940787988125,-0.07107154425342559,-0.17568696421634356,-0.011441613553612989,0.05049957175802273,-0.0030883829816068784
corporate_office,-0.8389745417324045,-0.04608964891259308,-0.1442240539891672,0.4030321528706578,-0.023731099318318148,-0.12648917124871145,-0.1080789918150543,0.039032813480555324,-0.0633938054493871,0.05201869323291343
athletic_field,-0.8941991545094503,0.13641988433702198,-0.09612969767920987,-0.04424827061205766,-0.0873725549061535,0.021283514050097697,0.07364190012968629,-0.05029064626426093,-0.05417290677375169,-0.023474892152289133
post_office,-0.7997887328983992,0.032659573736686445,-0.05575508106482287,-0.07243959448800616,0.09421113062377262,0.4098865350662861,-0.031196007498802813,-0.0360814522006002,0.06859998991945723,-0.00841790049274416
playground,-0.916763494566276,0.00943364000432284,-0.09121028137018594,-0.15511062503177625,0.07658699122160717,0.05727500731295837,0.08999979948760756,-0.06944193483416687,-0.0030942699767016204,-0.026572784259491652
atm,-0.9682350799157092,0.03087984205454188,-0.08532291473747922,-0.08403097679089341,0.05969706293313234,0.0964655965849823,-0.034444601354996655,-0.008752331847476157,0.03978883806250162,-0.036732568814717564
mexican_restaurant,-0.9151864967298475,-0.006407222413885156,0.1611960004258876,0.11065656212454068,-0.000302564552357496,0.15795338251678617,-0.00603988187567251,-0.09113398634886652,-0.012206679988110923,0.05300294974305243
meal_delivery,-0.968701639861551,-0.06715001737344233,-0.01596909625217518,-0.06972327185372354,-0.08048110782411855,-0.029642946584246724,0.0018227598618487963,-0.010904009969386551,-0.011368290952095388,-0.01391282957597267
food_delivery,-0.9761749379926229,0.026349152240924587,-0.021830737044977407,-0.07375852980206603,-0.10208454285537266,-0.01958669308998422,-0.017547557130738075,-0.01637728844173524,0.0023128604508835253,0.009830159623776626
tourist_attraction,-0.9285240652457014,0.01769072594816011,-0.003912670110069828,0.1654415005755572,0.10647404942872442,-0.030662411479266665,-0.006285439706427724,-0.10226075122158547,-0.025821006701520755,0.004124399095798147
storage,-0.6237793191263461,0.12474653878969226,-0.6134265489065376,0.396413892467811,0.07509158570875307,-0.02841171428581711,0.022443452973802902,-0.06000712116287437,-0.0023905947059697746,0.04691564217505419
liquor_store,-0.9299078991397951,-0.12968736688888569,-0.015084532075561808,-0.024498486751420183,-0.07745716438213752,0.08895225633493602,-0.042372865562866374,0.03662302531170356,0.007863923332167793,-0.019684762399120172
wholesaler,-0.3828535675150694,0.015338197154451788,-0.6677757863673437,0.5503222677216403,0.11013588941858068,-0.24280309887578128,-0.0372574564513726,-0.048612492878389445,-0.0038719327832169416,0.01910674113620776
lawyer,-0.8350252144995668,-0.1660547876112877,0.025551826455964283,-0.03937000245747762,0.20783321691343176,0.32190490501903796,0.16952484234279402,-0.08076595245241724,0.07546060738473583,-0.10499676026236475
tailor,-0.7344630726998206,0.2855849755963414,-0.12487131856468253,-0.0338284274075138,-0.13946816591401467,-0.07535723758652266,-0.21172487975296408,-0.12522127548588377,0.10251155306424077,-0.08817054141115269
wildlife_park,-0.012544777274775482,0.0026880862524555106,0.019228666758608053,0.018729912543348316,-0.07641324268000281,-0.007601206427095726,0.08145107850646818,0.15659687779450915,0.12633612495943644,-0.046786546669487665
zoo,-0.062423479970726524,-0.04734931664189592,-0.04403115571427203,-0.20007528090638646,0.13584248811430827,-0.08826740577676967,0.20803486971656732,0.3154563168216492,-0.4299038526622935,0.0832686543443874
fire_station,-0.7213749852621184,-0.01966497128592837,-0.10505691994980522,-0.015711251865684995,-0.06972393399442159,0.01755668725654649,0.021782570653969675,-0.013700090799910481,-0.06227182226901267,0.4164684408599778
hospital,-0.8120456910106001,-0.27192946930005485,-0.03478885059043881,-0.13807933371316464,0.08344785120584643,-0.09249915335370996,0.13662259529122114,0.2246717923195106,-0.09600401473901972,0.04791158712247582
meal_takeaway,-0.9348132775201923,0.013909331588801078,-0.005884138830566462,-0.16512995688787827,-0.030665094988757625,-0.032075266736860425,0.11703920592211162,-0.07783058893608369,0.03140541643701636,0.03398720399033074
florist,-0.730658178472928,-0.40396211661102344,-0.02432819788306558,-0.01915303076628394,0.09022718701215272,0.05297436106175352,-0.18654955610981708,0.08941189032861255,0.07174696190005354,0.14874688245917161
community_center,-0.8632600482388594,-0.06382457927273817,-0.10781207326570173,-0.006908277765635907,-0.028378851040835963,0.18229498683970904,0.03235194746689928,0.07020327969030053,-0.1521899362245923,0.03446535153776002
shoe_store,-0.5949509764425888,0.020804463372627736,-0.02532663292911419,-0.3649737972017444,0.33293726374667654,-0.1836216009309128,-0.06451612688124998,-0.3968538266836894,-0.04224085387929445,-0.09439266691062427
electronics_store,-0.9102540197367429,0.008117622870066803,-0.03805106387051093,-0.08604877542451227,0.1423684443820905,0.14182959959985816,-0.04053112705766804,-0.034122241041095784,0.11357382841360904,-0.0026459047289165193
library,-0.8483433498091857,-0.3580047830541735,-0.016843548322463965,-0.07992926211765972,-0.06287391564308906,-0.11024039961452338,-0.08626729850164193,0.15688914787571276,0.08900152679435851,-0.009940609886907942
fast_food_restaurant,-0.9654096930474418,0.04343951117687516,0.09238209677931955,-0.04778832807347232,0.007587985482694999,0.02062325819469508,-0.02687191045744509,-0.05191795631783273,-0.07959188701189165,0.08035468099407127
bakery,-0.9593771633937496,-0.12100286473901063,-0.002326706684789538,0.0949984265308368,-0.09617096837382466,-0.04128126500782079,-0.0075403106358458176,0.028885741155157726,0.007472288661756831,0.03088853299440252
preschool,-0.9455433751167728,0.1068758597828338,-0.02133960336484341,0.03720695058368846,-0.0473580727311198,0.007430749424640324,0.0216181065898695,0.10054431798622328,0.07765585247079865,-0.10342294922955125
cell_phone_store,-0.898297709027086,0.08607716292336046,0.02566855701318221,-0.23192803062862516,0.2005525134521559,-0.003604616426782492,-0.04925243067450716,0.015506574119642732,0.09428496933714421,-0.008090159325950948
telecommunications_service_provider,-0.8856069163501105,0.17120512049809508,0.044484733657367125,-0.13715555791278464,0.1826437377765635,-0.08098750902555614,-0.06936955386934855,0.059426316020245326,0.06884673901146643,0.020177742421811314
coffee_shop,-0.9546783456636795,-0.1399225364804808,-0.0677323450140918,-0.007333010029176491,-0.01414760104980961,0.042831896341032516,-0.04522221070196164,-0.012191538233635972,0.038345335867469715,-0.013278962607240138
bagel_shop,-0.913954379844927,-0.07806733396327105,0.10085754810043923,0.0038301604893479606,-0.09010918082871039,-0.1141861410921582,-0.029393447367257904,-0.01196955731856113,0.11062625649834143,0.04461931289777398
donut_shop,-0.9056528980792372,-0.14869101580601826,0.08064328119386883,-0.015848836185219754,-0.12153276406479656,-0.10282832885901844,-0.041924617527954976,-0.00439304333434637,0.10958437971801803,0.028243360189559537
breakfast_restaurant,-0.9391924797447764,-0.11030690268133368,-0.07070847077366366,-0.08109767471432211,-0.04560397217796043,0.005612885948161296,-0.07505964256399199,0.002031910651115752,0.07332982454770187,-0.0008887687266134393
cafe,-0.9543388173671118,-0.11337884731147281,-0.03429921698329982,0.0005604954303281267,-0.020790962411797013,0.011391920620784658,0.009873167772660422,-0.02743623059112244,0.031143945849302967,-0.06162320132416775
jewelry_store,-0.9492310461746897,-0.018507844562477876,0.11567129072008189,0.02608035803607389,0.0384355582981342,-0.09220552208532198,-0.020624279800065207,-0.13002015110037912,-0.04429142822094403,-0.00012773667281692214
clothing_store,-0.9347533693462337,-0.048395552923807095,-0.035157854151268965,-0.11375725010788143,0.13447664800007933,-0.0990723709073029,-0.16179127659336207,-0.13111339838254568,-0.009734468570202479,-0.05525749748081146
courier_service,-0.9064127390643364,0.024867010374537327,-0.005410860328544537,0.008683158178455042,0.17478473441988648,-0.019061009271649706,-0.1562189642444684,-0.05407476529962714,-0.04070664776670452,-0.043583791160720045
chinese_restaurant,-0.8981911079708715,-0.1756746874603938,-0.053042741787506516,-0.09565827016900363,-0.055616255625406986,0.09535164165808906,0.13463467771423307,0.04871953049370079,-0.0319348182823894,0.08162273120195408
public_bathroom,-0.8002978119493245,-0.2327827417303909,-0.26259507370394547,-0.16869371488741206,0.054072589124854735,0.1861068792413336,-0.036574389908369406,-0.024017516131686577,0.009290966059822532,-0.02216185656215044
department_store,-0.648419919785213,0.04415587378319372,-0.08978297150043288,-0.34839336714736646,-0.08440497906439882,-0.16605778192408166,-0.08743545974916138,-0.3925451006396986,0.020620584620986017,0.04080409053258413
furniture_store,-0.8357514893937266,-0.1794278686230556,-0.059609072275863276,0.06553511603825128,0.31388659607015523,-0.07172871413462373,-0.24509399360266745,-0.007183086894153644,0.11032222845058688,-0.06378724651323023
home_improvement_store,-0.8451577153088581,-0.16470211057532616,-0.05345295883005471,0.07637313420842459,0.3001763169641089,-0.09353084927874847,-0.20695360327328055,-0.012408656677436214,0.12975866468782085,-0.039523107131914065
farm,-0.886180713942104,-0.1512129824207939,0.007059429318378772,0.035561188283242104,-0.0344200136598599,0.14031075729504042,-0.022769144912713233,-0.11675873000254103,-0.04454871261656175,0.08665537996526235
dessert_shop,-0.9519874063798163,0.10351266286248169,0.0074168146476154915,0.08417744340577353,-0.11779957718754225,-0.11469371493039197,0.041713374237015266,0.08130696123162603,0.028146789805926668,-0.03743332223597868
confectionery,-0.9509062945742461,0.1094944169347264,0.011809230636720652,0.10195970959885586,-0.06822814164045345,-0.1283884836875806,-0.02165188405172918,0.0747984115944037,0.008486376691001794,-0.04661216996350492
pharmacy,-0.868182093221903,-0.29944420135283306,-0.008905967031147348,-0.07274057252331294,-0.19728875801417242,0.0385897442428592,-0.03681479748607688,0.04189635951765582,-0.01217443012647212,-0.0016844430959391074
american_restaurant,-0.9029303936338718,0.19171673302965755,-0.17823308466015203,-0.13827128959394894,-0.098828985243822,0.027245055142862504,0.0020967679817023408,-0.10761721002420059,-0.02455727977995001,0.10896555124392432
catering_service,-0.9085058702305887,0.1768358056599586,-0.020998653424124804,-0.11401178651227666,-0.18223508016208423,-0.011081847393510902,-0.033630199214906266,-0.02337670345836701,0.007375366289895427,0.06494094360949065
bar,-0.9442122113942469,0.22766306868326458,0.012682639054655718,0.09131869097320423,-0.0851299359172932,0.07384371615966953,-0.0015333905175540308,0.000558927237316081,-0.06022457038697511,0.05005532887129792
gift_shop,-0.7680695586511409,-0.21241583459858404,-0.041259010016076056,-0.2196278739088342,0.01593569866877827,-0.1411545900536578,-0.16676615093981698,-0.020304211727355984,-0.07808517930120337,-0.1200351288501294
bank,-0.8398333601704491,0.12454232115389834,0.014066856003010716,-0.0844180257304492,0.28973122120126593,0.12369275712569475,-0.19259333654514932,-0.015420215092804184,-0.08602253476484374,-0.07836899805677669
historical_landmark,-0.8695030057726388,0.40399552143072553,0.14266826358827134,0.15268860148708788,-0.03719947338849958,0.034782443724949215,-0.03557677603483866,0.021620884140785893,-0.09787877255662875,0.038414934924303444
historical_place,-0.8721215040559933,0.4014417074646839,0.11965963657625693,0.1647560784456143,-0.023915352669067486,0.04507396152251617,-0.027779513897115807,0.017437399315140895,-0.09473157402204439,0.0353863128727754
moving_company,-0.6378500449098234,0.09875311390319137,-0.6137149597169285,0.3677071198309944,0.06607614302378438,-0.08212617252825972,-0.001396014347336278,-0.061885683666751026,-0.02814131848773261,0.018337630464838123
market,-0.8968577795656079,-0.02885917124060296,-0.21914160363164845,0.2872102106879248,-0.04934039859994187,-0.06166183551755136,0.013412803970481621,0.0086004693973352,-0.01755279756282253,-0.03780990010897321
parking,-0.8193004227623332,-0.36100175861879763,-0.17405471749300458,-0.267497528741465,0.05686265626551471,0.12251548792481091,0.019512005688481857,-0.0215949486676941,-0.0433232201382498,0.014252317152926094
car_rental,-0.9155264733705124,-0.002244512375921569,0.03315258662856782,0.08951320979133058,-0.0063565224795432244,-0.02316829976550881,-0.024101564745513403,0.02946193947330978,0.012534384785241378,0.048420201030769175
makeup_artist,-0.6150010521923296,-0.19236920433696691,0.13084751382428242,-0.12237003447108602,0.12634027741950968,-0.22504176782688964,-0.13812377931891281,0.2182559224024705,-0.009963747955299283,-0.2204040668502341
beautician,-0.6238270818043747,-0.21027142432783802,-0.12466846093689084,-0.25014305403057724,-0.017909007764497248,-0.037291541361742626,0.03928391658567523,0.05588675101191764,0.0365234773172732,-0.021437330569679693
motel,-0.8624115658663356,0.26502452835720625,0.21231796033813682,0.17711766476558463,-0.06753445527857302,0.17065406614408535,0.019047367262831086,0.01653914101309481,0.00603147209037988,0.039954962935648486
drugstore,-0.8368091758028892,0.2106157021479508,0.022052630117225625,-0.07614268227689945,-0.15631824534810465,0.12254707713222456,0.0656041848938764,-0.17694067092397467,-0.08516318241989705,-0.17233603888737228
hardware_store,-0.900755715393047,-0.0987845618139621,0.04753575072704083,0.13098754693591663,0.12569391225779128,0.020073329910238802,0.08256471141981443,0.08408567782528457,-0.06164635116449795,0.10170329560364103
swimming_pool,-0.42764490957908774,0.20721727585152352,-0.2729675058143648,0.28524634059521864,0.07739404834186507,0.10530149172482016,0.17420572665974393,0.02990478799518955,-0.028295440463229016,-0.3445198513306264
plaza,-0.3756692712195193,-0.5273034105804263,-0.39333007522196006,0.4225423331950944,0.3040411652325806,0.24528070478792122,0.17914778193657538,-0.09850773768198391,0.046675194737334925,-0.0587702064896373
insurance_agency,-0.7931950134503297,-0.4885799383069618,0.05580461546531979,-0.12870916047536743,0.15984422585819966,0.05292667714243193,0.10330222553763894,-0.0024918562750770247,0.08553266818675374,0.005504352207724555
apartment_complex,-0.8016443907865428,-0.26770920199612136,-0.05913784887010854,0.12864063962357555,-0.140294372696284,-0.2065088872223286,-0.03478996268197757,-0.061544468902306526,0.11102719175799326,0.029597733361942585
sports_coaching,-0.5401657709927052,0.11723711104461779,-0.24302489079476777,-0.2840866447755089,0.056130338908791017,-0.25966557599715256,-0.24126047297151199,-0.3872988486395356,0.05608265070966819,-0.0831162297391655
condominium_complex,-0.8852246439181883,0.21440838805387727,0.004183075932790752,-0.05593853945097016,0.0560808245451577,-0.020478685900304522,-0.1002527610172238,-0.024145212417057013,-0.03210008173263647,0.050133372320589675
spa,-0.8662488832738249,-0.25585796629175644,0.034680785432803604,-0.09696091575985974,0.010055509008491743,-0.03806889615850918,0.11116659656821923,-0.03259324828139748,-0.03860389394032475,-0.14878259578148784
seafood_restaurant,-0.6668111585164482,-0.42739534281717645,-0.10599037166128501,-0.3079893883790342,-0.10145320165035317,-0.15124728508514376,0.10813359235377537,-0.07767229607570876,-0.28344917404577097,0.09752259323077675
car_dealer,-0.8854270911621804,0.34602581066837446,0.04952324883456649,0.1980071829789612,-0.035992028806658805,0.07931941416814939,-0.02454213573431611,0.008479378843081099,-0.04238864771434679,0.05384438927365874
hotel,-0.9037002377121673,0.09248772122585913,0.12032375553895357,0.07170625039063361,-0.039794295795051324,0.20949175219007424,0.12291145543643227,0.00384590616376353,0.08241424366714391,0.006569697951842936
electric_vehicle_charging_station,-0.7849739383781805,0.41996120415325777,0.11137233800858051,0.0420008747378822,-0.046326938819049306,-0.14450179667713026,-0.005447926574545076,-0.10530189851389107,-0.03484042531003371,-0.06632953082704168
ice_cream_shop,-0.8972005014512803,0.2341068473792494,-0.0049870465216737,-0.003663580758584293,-0.24866598508566803,-0.036547806053373155,0.04345567336843707,0.0918478352438294,0.0570448417268952,0.016529737120297046
visitor_center,-0.5101094693557305,0.15582628395174092,0.0632975432993915,-0.28726236052701304,0.3700057354494187,-0.47523518262797904,0.1446273688536624,0.12694682817440867,-0.00850889636242019,-0.00022236443075287886
tourist_information_center,-0.4920135444919567,0.1315330004870244,-0.21115278391536954,-0.04444917673919953,0.3825781982969998,-0.5233667974038816,0.11662347927355789,0.1073615964643207,0.0019124603116446378,-0.023653356751965154
tour_agency,-0.8346786873530692,0.22457839819124933,0.06677191997227976,0.007658152075277979,0.15146568333096935,-0.3323418685164005,0.04588466705318225,0.07001448599993161,-0.05238679421538662,-0.004169727109934631
bar_and_grill,-0.9165192978994613,0.16119038669671965,0.06760599379065553,0.11665854263752214,-0.14168193098777934,0.0956077610513182,0.044853822927871594,-0.027312584591572906,-0.02760433129017294,-0.0009717565442123389
bed_and_breakfast,-0.7176886563745192,0.43338743104881794,0.20323709085650332,0.13503053797505982,-0.14179176598347965,0.032743362259780404,-0.03690070905666262,0.014951176115007334,-0.048307067441330544,0.015839082573913598
sandwich_shop,-0.8859046393398137,-0.02083357331668217,-0.050327028433974276,-0.01609471738149495,0.08434457471449106,0.12734385895500655,0.18888653243720718,-0.13511789240796776,-0.08850557218567609,0.03170229602718319
courthouse,-0.053141333297078035,0.012589720222912161,-0.06965745311117427,-0.028268239638993314,0.1068022821714602,0.22316122627632706,0.12694650836803192,-0.031184631412240923,0.03333839552727572,-0.1310562396865724
asian_restaurant,-0.26352940467244534,0.04497953645790587,-0.07615265105603916,-0.39662706314048474,0.11351322015786781,-0.3157402450230442,0.2407419091116742,0.1736253454871586,-0.19487216035015073,-0.029501428334858335
dental_clinic,-0.8489269013405116,-0.18241789827054458,0.06158854885648998,0.2900873971111754,-0.09792833015047851,-0.06746561333157,-0.09738700111550577,0.10287028132212757,-0.005466174424014779,-0.09183126941744062
ferry_terminal,-0.09693934143476743,-0.014757858468456226,-0.7006994338106259,0.6030506913582449,0.12261833348052711,-0.27931754592506464,-0.023272469990739567,-0.05843327045128512,0.007930493604403404,-0.035094186094918954
butcher_shop,-0.7905533146804431,-0.14858461157760758,-0.25908059574694126,0.38032411908038355,0.07393078607339074,-0.001808256302414127,-0.09270970945047179,-0.006058557468330235,-0.05514236153353999,-0.04346436903915499
locksmith,-0.6608738924521947,-0.06959676774913547,0.12184006498832672,-0.10030944741965359,0.39105836540411637,0.009035687083522736,-0.1853812101071978,0.16343661712122584,-0.25772895577223504,-0.11294924283511344
psychic,-0.6845898709857194,-0.23677505846617253,0.024777713051240335,-0.06975407847256183,-0.14206421669625843,0.15031833593212865,0.09437015424706695,-0.10439051725831319,-0.10293031557636545,-0.02897719784926708
sports_club,-0.7691374566856386,0.16917021161520165,0.13766185545766566,-0.011150392947320745,-0.12012547897210465,-0.09944101277413002,0.12676929557990568,0.12159691103213083,0.025244760644599726,-0.17712786364933547
dog_park,-0.8344452794857595,0.11531896304433802,-0.07756719662259287,-0.05497534633469459,-0.04910430621911244,-0.16071008925261554,-0.23138978394061452,0.04480759687577141,-0.002387119640828662,-0.18148602035952485
hamburger_restaurant,-0.8902784639717444,0.1976713904750153,-0.04818048583224273,-0.13751365336838814,-0.07123484281258385,0.18710119783301893,0.01112131968774735,-0.08473367294306464,-0.07974435370646539,0.06958911358816647
japanese_restaurant,-0.7483898949452139,-0.1302994939331774,0.010429105352689845,-0.2508589725968365,-0.1629433644340778,-0.09549979259404591,0.21776668618087236,-0.21665657816122147,-0.077338792709265,-0.005085222275211251
sushi_restaurant,-0.13664142231381174,-0.07738927354411827,-0.2254365511630606,-0.44937026315328255,-0.11928916702117172,-0.2235711821239425,0.2739523834542239,0.11256763894755523,-0.2559636550929722,0.17390869823942778
warehouse_store,-0.17407678746094943,-0.018755030286021122,-0.1902592795460657,-0.184010434069823,0.3646631602555287,0.16089725799635848,0.5691084500504708,0.07527016439775001,0.193526743665655,0.05948196417904965
internet_cafe,-0.6229004777852227,0.023429740136095802,0.19234935452688243,0.019095252600693557,0.055380864731392594,-0.07232512013534938,-0.27857607014304836,-0.034775566850845235,0.1354614481653204,0.030016939269902832
cultural_center,-0.7396112138715633,0.02383409765201617,0.11124749814232084,0.06088817970300789,-0.018149899924981498,0.21027152573484867,0.16658638341391954,-0.18342325916345822,-0.15034693370709432,-0.1024318356312349
italian_restaurant,-0.8585644953542991,0.09893757480942124,-0.10597866892331624,-0.0641542725140224,-0.2574147207405708,-0.11806828208214949,-0.1086693377810965,-0.13794303963139873,-0.0612001402073342,0.08973847910085084
housing_complex,-0.4249467410674297,0.1718918185120928,-0.228558100265426,0.1605500597730064,-0.08156542873573845,-0.2859727325201408,0.23679769439977705,0.26168751036881316,0.2593769900355277,-0.06001452915969529
ranch,-0.849243462239495,-0.02805356583692682,0.06292382491577644,0.021721506741010626,-0.31070244373719463,0.07312821865203031,-0.1464052224531404,0.019646164825878117,-0.0003727361079749203,-0.017161745415346933
body_art_service,-0.8664171101609115,-0.3043735946060155,0.13729037813437606,0.20868619413182185,0.0834484480055095,-0.005116106130754539,-0.047080054299390606,-0.03711977679807976,0.005694843126015461,0.009241141955318086
sculpture,-0.5677005198133924,-0.17237860395141344,0.11902298754730953,0.029612767368108382,0.3176728836402685,0.23091732704825343,-0.16169022632414032,0.017400649799377152,0.023331521183160574,-0.07046924704482971
secondary_school,-0.732060588992865,-0.07491612768654338,-0.34682886879473535,-0.23690846449897532,-0.1781902574380808,0.28427117844913513,0.03401515549402219,0.04369405608800795,0.14655635768445233,-0.048406118357786576
museum,-0.8495523570426888,-0.34007855170911805,0.11531893645113896,0.09718322340895853,0.09080575706582937,-0.04651203650781687,0.12773950412315116,-0.01994651465907689,0.15718567020119084,0.03188696833846889
cottage,-0.14392289796197116,-0.011395286379128601,0.009633046639443815,-0.2837451041388273,0.6198344451108055,-0.23404773333788703,-0.5851238221970751,0.08125394353549129,0.06417321328111314,-0.1327062033695783
pet_store,-0.6434994587937634,0.1463096749242569,-0.17726714614328593,-0.3905525658154189,-0.3180207041804767,-0.17193982783102965,0.06027973137470906,-0.18484172396268186,0.0988214400511317,-0.018003504349103822
book_store,-0.46133746382222857,-0.31087084618625205,-0.30042508447274413,0.1564113272326491,0.1073519247605269,-0.04819643435128954,0.1718999845848091,0.004612678780704256,-0.0384650425935738,-0.1067301930925978
juice_shop,-0.8342900152885485,-0.02882194633854283,-0.09210440514754756,0.10950636626651758,-0.165901727746131,0.08779503104867374,-0.03303016179248621,0.08445825688156137,-0.024731139336526844,-0.11916150967304362
bowling_alley,-0.663026965688608,0.32706930693536557,0.1513725206761677,-0.03997684878537834,-0.021153908820427524,-0.2976065673754768,0.34913910172606943,0.20563277696624013,0.20889253879683514,0.13018416193269097
video_arcade,-0.5136635790419541,-0.1420206246201686,0.21105655240531065,-0.0745853584331948,0.05385159907847737,-0.41298156700224525,0.4251365782802332,-0.14575350067427495,0.376795532741126,0.14935799990291573
night_club,-0.6997339450376211,-0.16924248440660514,-0.15351054084407914,-0.22149797225028786,0.09055077850114326,0.3509105298817829,0.21982722493172208,0.08341827675346712,-0.19280610971548107,0.08732550290877841
art_gallery,-0.5046451664426373,-0.09342449299724366,-0.5236865819317611,-0.11756220962618286,-0.17006487659874236,-0.18848988178623705,0.21287725597503102,0.19109070956887542,0.038510212723642995,-0.1941782245137391
sporting_goods_store,-0.7872717662550764,-0.0053742694393849625,0.030991815739312072,-0.14917902266581848,0.20814591186043724,0.05944168019467857,-0.06415159215286369,-0.2458831224031297,-0.12206246632134966,0.08302820870003684
karaoke,-0.2473777469721749,-0.6297436250361211,0.20018619729231635,0.176030969920131,-0.044994927835766696,0.0132451514931322,-0.020834820887783906,-0.008662194412121647,-0.03056419209115885,0.02702411266289326
marina,-0.18419290028302093,-0.2197650431342974,-0.07362951140791572,-0.11825406538575411,0.16352521085489743,0.16840818020740825,0.2150307707463399,0.09486293018523836,-0.09200699178347516,0.0366134432201204
summer_camp_organizer,-0.7757804353912285,0.39550548659505735,0.14260042064738504,-0.043525442825668316,-0.08166565545443889,-0.09750273817906611,-0.03711925638688125,0.08592739860568585,-0.040842166393951454,-0.02272510763026037
synagogue,-0.6239321935353536,-0.2867430727598966,0.27253217146429753,0.12295331930838291,-0.061057852106691735,-0.15325500149654717,0.1960822231784467,0.011258223390902615,-0.08941950359803304,-0.26389101539105053
shopping_mall,-0.7284911213509414,-0.2555995624461136,-0.0028824133412347673,-0.08429044693690962,-0.1545647832165454,-0.2535171775294789,0.07264375206916562,-0.3227923127846288,-0.15932167861346302,0.13280712107581719
steak_house,-0.4625707005705485,0.10760499311734104,-0.5104784764034525,0.04163353156281034,-0.22026232816694746,-0.08485580204897124,-0.08765216834108559,-0.1721519619644461,-0.2257550400043007,0.1516508616442579
diner,-0.5262005997637507,-0.3528160479882889,-0.5495430248566241,-0.16039478827385487,-0.1541344859348532,0.01812132340924528,-0.18167480997766883,-7.753205722677329e-5,-0.07797576190829181,-0.1555219734925235
art_studio,-0.36738270285220864,0.042079431500823355,-0.4140388554451895,-0.06359818037839073,-0.3106735313611999,-0.048082134371135336,-0.06772417322031905,0.11664896886081412,0.09492428243660096,-0.32722466447325405
banquet_hall,-0.6248756138300267,-0.23316716053844255,0.03952978566841497,0.004078437826817396,-0.16648387912487833,0.15541599235760556,-0.0859852107706975,0.06819013685786753,0.054482913123472004,0.14883516291210586
wedding_venue,-0.5700702386495565,-0.05037320615538178,-0.14839442732547908,-0.21651036162936552,-0.09382110530371661,0.20423939383282746,-0.24331984597498402,0.13617209371616412,0.25904988797680656,0.09734982578285652
subway_station,-0.8526860613262647,-0.21268723812901474,0.009497791674922791,0.0712403506002566,-0.17057788175894656,0.013050400427057698,0.03474697314158226,0.06637194149448124,0.09782348611039553,0.11904043338269432
spanish_restaurant,-0.4787813916876063,-0.13121885500871946,-0.05327982713463474,-0.3268002227367258,0.3403861028188382,-0.03449678086824537,-0.07160635215123731,-0.14813385603802579,0.2048300719519052,-0.0704488557036177
thai_restaurant,-0.6140111592763233,0.3100919585992356,0.1322334166467878,-0.012055252344003946,0.005604453422589704,-0.05549198015563647,0.11351188590887643,0.22094259778480946,-0.37426103351140727,0.09904076362503302
tea_house,-0.30706712003422243,0.18350230320776503,0.10113116491244599,-0.004893142834072047,-0.05523303932181697,-0.08328975605539761,0.05324929143688682,-0.02974680753482071,-0.30808276076649505,-0.22876714622250807
veterinary_care,-0.5555480930759528,0.0011284150731524364,0.13758279974636534,-0.1065229601598135,0.0732904415506656,-0.2147571095710114,-0.005909835013101244,-0.08672837091296841,0.0657396545905978,0.1446873436168146
movie_rental,-0.3119704355138446,-0.5501809968748018,-0.17268921557734707,-0.2280727367737149,-0.3374844154679804,-0.001687049387189724,-0.09176806768649248,-0.18176690437443513,-0.2011006303221109,0.12362185882022336
amusement_park,-0.44219716049731156,-0.13937681436378355,0.25677600529678996,0.005156543306587478,0.005314512048205283,-0.23294480701574524,0.12544913716779282,-0.5966677072048061,0.15472059629662246,-0.18976098480014245
massage,-0.9003134392094043,-0.13131987980318954,0.06396827705227567,0.027695681289846452,-0.04327780510430479,0.005828961506330406,0.06792623521616709,-0.03329791126035486,-0.06760427431037758,-0.18513888489006147
childrens_camp,-0.7306416394784353,0.3828723865704519,0.18955007892322961,-0.00168239569147555,0.03448601988462472,-0.20850318242820057,0.09372656528752478,0.17334100054585702,0.09910090636867291,-0.02276977318578317
train_station,-0.6905535894703885,0.1513896246564393,0.2342913874238655,0.10622817771709714,0.020991127584754344,-0.03571056432302257,-0.16169033734519186,0.08970447285184481,-0.07717349380673312,-0.14491664023432477
buffet_restaurant,-0.622259366107096,0.2657915392173696,-0.0010967277272615605,-0.1084313780989388,0.13820467713206921,-0.02667225855250586,0.367626927290277,0.17628117051246375,-0.16875041770054733,0.06719307445072918
performing_arts_theater,-0.5190154297606226,0.21236658393365382,-0.17697305313480138,0.11735293127199861,0.07816824246536945,-0.3945546465540039,0.33898531080875755,0.23487384204111103,0.16378279530170708,0.16416148793378543
funeral_home,-0.845503052405455,0.3190685774628567,0.16714602212188945,0.13453373086389422,-0.11737560693518459,-0.08992379529115821,0.043145173440480945,0.028554873971693397,-0.11603077829015841,0.10700171620849433
asian_grocery_store,-0.22194038036879973,-0.30387074000663344,0.02069626833094464,-0.2199239373546048,0.27657311268251683,-0.31687825900342226,0.05959255034514786,0.1883173211467136,-0.20092645655695554,0.23318231803410716
auditorium,-0.5729754632908696,-0.46585929625309175,-0.08000198617456017,-0.1635420506724538,-0.2982878106692265,0.04592607666149363,-0.10775774244378608,0.15024122996008354,-0.13557098507657594,-0.08839243609423475
skin_care_clinic,-0.8871509087280623,-0.038903351945187535,0.14590362601469511,-0.006741293827997594,-0.09316855215303464,0.008576877840736238,-0.0954686062127278,0.005300307662072788,-0.23689860723319903,-0.0733892724248524
police,-0.623400593800028,0.14795530991001746,0.07729856644794912,-0.07340909959327173,0.13673009369645792,0.07806357527366894,-0.05683607906554841,-0.2312634675897558,-0.13999925365595753,0.2985669135313582
korean_restaurant,-0.08471922380364165,-0.020448317693521696,-0.05494728659968878,-0.22703014939333074,0.11035441814579171,-0.33390714198080546,0.3762546865498542,0.07068360024057341,0.04075539654434637,-0.09908580933035464
african_restaurant,-0.6821802399708534,0.33019983695731475,0.03987378480171773,0.05111413378721268,0.12569983423871073,0.3583482772191803,0.16037069326333703,-0.08859937212754719,0.058256120683910194,-0.018788311111707347
tanning_studio,-0.44170878767192506,0.23622440210914383,0.18730578704748638,-0.029044901642295163,-0.04801761260879677,-0.19774540983335212,0.10442385580792227,-0.48406641730342514,0.14006788206668966,-0.09585710601641652
bus_station,-0.7172274491303612,0.10080036157063244,-0.42244211618558763,0.26522942433042374,0.2418492361114842,0.008510939822401097,-0.17908108527717986,0.0028292175580186176,0.018856484978855576,-0.04471559868135775
vegan_restaurant,-0.6247593412447999,0.3660991077507728,0.16091604069246082,0.055217411602397834,-0.11253666030114752,-0.14294496105108914,0.21752112981688138,0.1721599548195999,0.13655154605559652,-0.10037538192960997
vegetarian_restaurant,-0.6809244462810538,0.3813556645485231,0.08844443744492314,-0.009355114368695313,-0.059771856799666775,-0.0993143179047362,0.14133074672636914,-0.0723453253838597,-0.053391149412920454,0.024339173721751043
amusement_center,-0.5092540888217468,0.22736738437845092,0.178985328604361,-0.13350200762936398,0.019535041614352953,-0.4236965626221905,0.3621141835395545,-0.3293393965510251,0.32007227918360864,-0.013119982192639911
food_court,-0.4340963947638207,0.1336852357998919,-0.300046769855812,0.16348484389178522,0.3143784563960076,0.32296401244499934,0.25696502434615304,-0.2719048795899613,0.125801420931613,-0.12717258474434037
bicycle_store,-0.4516424625889579,-0.13447428074000847,0.14395939412643324,0.1572654615795523,-0.04725423784096573,0.05445700048900263,-0.119188462643667,0.03530487373938442,-0.01905023756688614,0.3064751801068939
botanical_garden,-0.41785753474971404,-0.6348695148654993,0.2697250506189067,0.04415590033824808,0.16750714806902708,-0.2115302689981186,-0.08668293944560101,-0.2788177818148223,0.0017481148128023112,-0.1366977484326416
indian_restaurant,-0.367959423711288,0.08020499800055277,-0.15082890281454045,-0.22202306897874394,0.08922834301629551,0.12385053026016019,-0.09476781014809944,0.17101536805738815,0.12855499082426275,-0.0861621650860042
brunch_restaurant,-0.8061279714400232,0.15358066072214116,0.16314468968944906,0.06979903739662179,0.15106794058498807,0.13848656153806865,-0.02638045718080096,-0.03382224846921248,-0.012701300623835544,-0.19714918684489266
french_restaurant,0.015613323286363789,0.018761317523336332,0.01818648478642425,-0.0012285237975896068,-0.010939186991541951,0.03949474248300217,-0.03575634590262656,0.014274871580100913,0.01105352161171215,-0.004447159005183425
candy_store,-0.7261423631916495,-0.10497945198318769,0.11894375494812366,-0.03143304425605061,0.03389824933946003,-0.06701133323771723,-0.35096320450917134,0.05910635315353217,-0.02211499040951876,-0.07879585247214452
water_park,-0.5224987120331523,-0.1635889037064518,0.28676379123259693,0.04976180575265369,-0.02420271937470134,-0.183324047179603,0.10362059068975334,-0.513760575161498,0.13210748648452253,-0.16550268847994032
comedy_club,-0.005563882482615885,-0.011293942697812781,0.016878143316929217,-0.015598910197469422,0.010934505915309176,-0.03274285269493396,-0.003889668733881798,0.09171633204550918,-0.2190164839290202,-0.2824211182791895
skateboard_park,-0.5657119555172239,0.25761776023859817,-0.013074339708088224,-0.07593210818115297,0.3241620445278894,0.33618493805769445,0.035653643166732946,-0.013703485891398116,0.019117497031560994,-0.10858221104428878
cafeteria,-0.06786518446706162,-0.20992636993021666,0.10530692887977487,-0.015563696025184393,0.03782989038220304,-0.12547872549302755,0.21052699715315226,0.19383872160722615,-0.059962685304959844,0.10813962519811676
acai_shop,-0.1581797009735592,-0.14676825034009205,-0.4021274000188676,-0.41967064595261416,-0.44343335104489146,0.0644863860674368,-0.22047213633852086,0.14820988420663525,0.26437403333482734,0.015264556298453502
brazilian_restaurant,-0.1581797009735592,-0.14676825034009205,-0.4021274000188676,-0.41967064595261416,-0.44343335104489146,0.0644863860674368,-0.22047213633852086,0.14820988420663525,0.26437403333482734,0.015264556298453502
heliport,-0.3652196324764021,-0.8525875313000794,0.2676419307587477,0.22976586270242297,-0.027876091117117977,0.006218831799294385,-0.012774599829531405,-0.001775628856956574,-0.025426903768544003,0.016856258127290438
airport,-0.3652196324764021,-0.8525875313000794,0.2676419307587477,0.22976586270242297,-0.027876091117117977,0.006218831799294385,-0.012774599829531405,-0.001775628856956574,-0.025426903768544003,0.016856258127290438
hindu_temple,-0.48094114044733,0.16380398475821462,-0.1190851121884464,-0.026328258530582887,0.32008037738782347,0.5940450004781817,0.20020746599380115,-0.12196816125422728,0.1544318589995549,0.22568056556149968
pub,-0.8054961686816496,0.47932820570549683,0.2211584049355259,0.16149527765371408,-0.15815256734799074,0.018153535823825128,-0.046526066441269574,0.015496383132951642,-0.047204976819385104,0.013512553188731895
camping_cabin,-0.3652196324764021,-0.8525875313000794,0.2676419307587477,0.22976586270242297,-0.027876091117117977,0.006218831799294385,-0.012774599829531405,-0.001775628856956574,-0.025426903768544003,0.016856258127290438
convention_center,-0.012987873879717995,-0.030762833880708204,-0.070494032456713,-0.08613196776614379,-0.08935288563443365,0.01604109794938818,-0.11843144696057045,0.19050777563926158,0.19373932442752845,0.18285536634467875
chocolate_shop,-0.3243641259866769,-0.6045248220371118,-0.11314259691287723,-0.16947499926605078,-0.34626876829742054,0.037051078463940054,-0.15331943724442296,0.008493019069778035,0.07730890510593068,-0.09741493537679136
foot_care,-0.7287935681339192,0.41201556901922737,0.19209065774343112,0.04634289951098675,0.06793498625396893,-0.018274326190116905,-0.25437020054925996,-0.002302668457576007,0.020642541825128896,0.10198144682078564
hostel,-0.31464332141774076,-0.6943339403462605,0.21686902412381054,0.21455226656847387,-0.06167536898563188,0.0020553619793503646,0.03671588368427462,0.0407967083408661,-0.0005789275367783082,-0.17224820163734042
stadium,-0.8227395349529985,-0.2566916698484407,0.256850191730834,0.1826510636933083,0.041271356994601244,0.1588805170239297,0.11061366604482792,-0.1937859086144817,0.029126374307213543,-0.058745258323851246
inn,-0.7908509000504794,0.41102439690692644,0.08533481950772215,0.09467590949993243,0.031979073023836374,0.26774318410746517,-0.00290492881918301,-0.04074597418128335,0.012631416472095541,0.1380996959713322
astrologer,-0.29461324803450234,-0.505726103380406,0.1623768666333314,0.017874670345853043,0.014015260358907197,-0.25539645804242045,0.3533497768626989,0.24972646558454473,0.25751665113639954,0.08145097476286983
fishing_charter,-0.3652196324764021,-0.8525875313000794,0.2676419307587477,0.22976586270242297,-0.027876091117117977,0.006218831799294385,-0.012774599829531405,-0.001775628856956574,-0.025426903768544003,0.016856258127290438
amphitheatre,-0.09181659004925594,-0.01935543040064514,-0.646099720938267,0.48350009299079755,0.10996696610245241,-0.3011494430893276,0.021696803043699378,0.016014284388576015,-0.03960903127783139,0.021819022031633807
guest_house,-0.5646114659287551,0.35043656984041666,0.1767989327936331,0.11945249396413474,-0.13147526413756905,0.04609630178865983,-0.028207084357835074,0.026167533849184386,-0.042816726639378196,0.008324813486471612
golf_course,-0.6623852867333837,0.40542888559727575,0.15838247597190158,0.14411304978920034,-0.1324671659675098,0.01971257868360084,0.03449635669785432,0.06238892012313822,-0.030724371235682477,-0.0019410822408674937
landmark,-0.8054961686816526,0.47932820570549833,0.22115840493552658,0.1614952776537146,-0.1581525673479913,0.01815353582382516,-0.046526066441269776,0.015496383132951685,-0.047204976819385264,0.013512553188731957
cultural_landmark,-0.06184643987362997,0.01849294096422651,-0.033952639893127155,-0.011538945357738488,0.10008591889593926,0.10498174291504193,-0.08305553431633626,-0.08290101384899048,0.1818240958716699,0.5272682449818944
embassy,-0.3652196324764021,-0.8525875313000794,0.2676419307587477,0.22976586270242297,-0.027876091117117977,0.006218831799294385,-0.012774599829531405,-0.001775628856956574,-0.025426903768544003,0.016856258127290438
greek_restaurant,-0.027607363369149304,-0.00994065790903202,-0.014353145596763473,-0.040478404959537306,0.019408850990438316,-0.018108590686288065,0.017939754070405517,0.142370827568101,-0.32279425547987356,-0.34687215933739457
mediterranean_restaurant,-0.03875117995780282,-0.015099365944015453,-0.03976187748208372,-0.14190360437313387,-0.024124909407021822,-0.11528737609585732,0.05345799865588736,-0.1383764146029425,-0.5213627665374506,-0.13679530694256353
barbecue_restaurant,-0.7014272508841973,0.02070882457378869,0.17946536975208302,0.0005760908757012213,0.08558738981157742,-0.17281438010539524,-0.10789995061451257,0.18303388788464608,0.1755298396716634,0.08209366907038759
movie_theater,-0.08813378600439935,-0.0056040283047372194,-0.01452708504353197,-0.1953190617753736,0.3505605614814973,-0.1281978805340018,-0.3141163932372204,0.09544913920197352,-0.0057590116629970475,-0.13355487305860042
extended_stay_hotel,-0.5923929416767822,-0.20269376453576443,0.2612985301532133,0.2276345192912163,-0.11883784574227911,0.056209125255017305,-0.0789523212646843,0.03881317553123539,-0.054144267610023056,0.022977051520717717
dance_hall,0.014485716334814129,0.005352358070375921,0.009143683372146766,-0.040169643882218005,0.009362480806325794,0.002594213793064865,-0.04646347562742671,-0.07451784383144543,0.003995017629692919,0.07013978386502547
chocolate_factory,-0.09693934143476804,-0.014757858468456371,-0.7006994338106306,0.6030506913582492,0.12261833348052789,-0.2793175459250665,-0.023272469990739703,-0.05843327045128554,0.007930493604403465,-0.03509418609491919
dessert_restaurant,-0.18581107396263993,-0.03630746722473758,-0.1779074142413497,-0.2742692780194963,0.6018387904167948,0.1818895385563105,0.014339601741674172,0.15304583983497777,-0.2773487400215413,-0.11139607871979404
arena,-0.8312920449965407,-0.26504084747179213,0.34708323766737137,0.27782342492737944,-0.13209366762663638,0.01730612613478789,-0.04210771912803133,0.00974271797621965,-0.05157383584142186,0.021564030517088786
barbecue_area,-0.805496168681653,0.4793282057054984,0.22115840493552658,0.16149527765371463,-0.15815256734799127,0.01815353582382515,-0.04652606644126979,0.01549638313295169,-0.04720497681938526,0.013512553188731947
rest_stop,0.007965818428667759,-0.0026686932216371285,-0.06579711933050296,0.03614300953520817,-0.03522325143463458,-0.029961216721888492,-0.013687113819935785,-0.006668020312675246,-0.07461238486060269,0.1386155947006007
wildlife_refuge,-0.1356530178080064,-0.12548523178552243,-0.3589824870812268,-0.3886626549425195,-0.37942611066373083,0.041323587692707275,-0.12892736137405772,0.055454288019419214,0.10552268220742535,-0.1243603107967684
monument,-0.365219632476402,-0.852587531300079,0.2676419307587476,0.2297658627024229,-0.027876091117117984,0.006218831799294382,-0.012774599829531396,-0.0017756288569565782,-0.025426903768543993,0.01685625812729043
fine_dining_restaurant,-0.08666807719048776,-0.011458160844532422,-0.5394239853098703,0.23616713071653334,0.054948507618885846,-0.20720366194152445,0.06493628485198226,-0.27653743837718936,-0.3372301953747182,0.19081812148903102
wine_bar,-0.45235161184022254,0.29063112981101563,0.15090895439535634,0.06270384855800394,-0.09539307752443817,-0.06409682548552767,0.006868253592044808,-0.04600118003763319,-0.17119954138835322,-0.07240094749874651
private_guest_room,-0.8054961686816532,0.4793282057054984,0.22115840493552658,0.1614952776537146,-0.15815256734799127,0.01815353582382517,-0.046526066441269776,0.01549638313295169,-0.04720497681938526,0.013512553188731943
transit_depot,-0.5959045350682244,0.28516530750288843,0.101756454588048,-0.09932795893951735,0.33953050303165555,-0.0698975399747663,-0.4422682177404361,0.018058221592525438,0.06511112419812116,0.20053958590279225
national_park,-0.013018294419469514,0.004189188549580633,0.00820320396404505,0.03210114857549992,0.01947095617382333,0.05200546948345181,0.011002891151469102,-0.051015904709979125,0.16120066027849858,0.27892474504229087
public_bath,-0.1830741885571625,-0.03832795978347804,-0.24250908642589256,-0.10707626383367516,0.42746560797987754,0.6943821593461083,0.34374348989977876,-0.1089836963645787,0.09766368978067748,-0.08270321653728616
middle_eastern_restaurant,0.017442392149978534,-0.0015631190328644613,0.010622847952307288,-0.030616474731352063,-0.01574961097927824,-0.01512939780313311,0.051206016579415696,0.07019468088981587,-0.0765911936324781,0.01878710587342834
state_park,-0.031915180814429574,-0.008510248711185543,0.009267738860667655,-0.07858273112819804,0.07344088101822147,-0.025483062031077162,0.10242303252812114,-0.2211980301615764,0.006419222320059846,-0.2143968328730835
picnic_ground,-0.06425591809012628,-0.02975097882630462,-0.14949889937038074,-0.2062433088173545,-0.09874377648974664,-0.09580983436106139,0.039293522301327266,-0.3807017857324287,-0.4804816312616005,0.3477951594232734
dog_cafe,-0.023064318902250473,0.006441884457182012,0.07199579107845268,-0.10320143152887593,-0.005311732658814089,-0.17143643503217992,0.10258377428712903,-0.4154000317778388,0.1992044513390946,-0.04746966595714839
stable,-0.6741555180925854,0.33226587788704726,0.16387845586238484,-0.08680613019723096,0.32782719078673994,-0.1533003387985549,-0.4485166486423086,0.06869965949954322,0.01204866285592256,-0.08463602619134795
